patterns,tag
What is anemia?,definition
Define anemia,definition
Low hemoglobin meaning,definition
What does it mean to be anemic?,definition
What causes anemia?,cause
Why is my iron low?,cause
Causes of low red blood cells,cause
Can blood loss cause anemia?,cause
What are anemia symptoms?,symptoms
Signs of low iron,symptoms
Why am I always tired and pale?,symptoms
Shortness of breath and dizziness,symptoms
How to prevent anemia?,prevention
Avoiding iron deficiency,prevention
How to keep blood healthy?,prevention
Anemia prevention tips,prevention
What to eat for anemia?,food
Best foods for low iron,food
Iron rich diet,food
How to increase hemoglobin naturally?,food
Medicine for anemia,medicine
Iron supplements,medicine
How to treat low iron?,medicine
Best iron pills,medicine
What to do after recovering from anemia?,post-recovery
How to maintain iron levels after anemia?,post-recovery
Am I cured of anemia?,post-recovery
Post-anemia care instructions,post-recovery
How long do I take iron after my blood levels are normal?,post-recovery
What is chickenpox?,definition
Define varicella,definition
What are these itchy blisters?,definition
Is chickenpox dangerous?,definition
What causes chickenpox?,cause
How do you catch chickenpox?,cause
Is chickenpox a virus?,cause
How does varicella spread?,cause
What are chickenpox symptoms?,symptoms
Signs of varicella,symptoms
Itchy red bumps and fever,symptoms
How to tell if it's chickenpox?,symptoms
How to prevent chickenpox?,prevention
Is there a vaccine for chickenpox?,prevention
Avoiding varicella,prevention
How to not spread chickenpox?,prevention
What to eat with chickenpox?,food
Foods for sore throat in chickenpox,food
Best diet for varicella,food
Hydration for chickenpox,food
Medicine for chickenpox,medicine
How to stop chickenpox itching?,medicine
Can I take aspirin for chickenpox?,medicine
Calamine lotion for varicella,medicine
What to do after chickenpox?,post-recovery
Chickenpox scarring help,post-recovery
Can you get chickenpox twice?,post-recovery
Varicella and shingles link,post-recovery
What is a cold sore?,definition
Define fever blister,definition
What are these blisters on my lip?,definition
Is a cold sore a canker sore?,definition
What causes cold sores?,cause
How did I get a cold sore?,cause
Is cold sore a virus?,cause
Triggers for fever blisters,cause
What are cold sore symptoms?,symptoms
Tingling lip feeling,symptoms
Stages of a cold sore,symptoms
Signs of a fever blister,symptoms
How to prevent cold sores?,prevention
Are cold sores contagious?,prevention
How to stop spreading cold sores?,prevention
Avoiding fever blisters,prevention
What to eat for cold sores?,food
Lysine for cold sores,food
Foods to avoid with fever blisters,food
Does arginine cause cold sores?,food
Medicine for cold sore,medicine
Best cold sore cream,medicine
How to heal a cold sore fast?,medicine
Antiviral pills for cold sores,medicine
What to do after a cold sore heals?,post-recovery
When is a cold sore no longer contagious?,post-recovery
Can I use my lip balm after a cold sore?,post-recovery
How to clean up after an outbreak?,post-recovery
Post-cold sore care tips,post-recovery
What is a common cold?,definition
Define common cold,definition
What's the difference between a cold and flu?,definition
Tell me about the cold virus,definition
How do you catch a cold?,cause
Is the cold contagious?,cause
What causes the common cold?,cause
How does it spread?,cause
What are common cold symptoms?,symptoms
Do I have a cold or allergies?,symptoms
Signs of a cold,symptoms
How do I know if I have a cold?,symptoms
What to eat when I have a cold?,food
Best soup for a cold,food
What to drink for a sore throat?,food
Foods to avoid during a cold,food
What medicine for cold?,medicine
How to stop a runny nose?,medicine
Best cold medicine,medicine
Can I take antibiotics for a cold?,medicine
How to avoid catching a cold?,prevention
How to stop spreading a cold?,prevention
Cold prevention tips,prevention
What to do after recovering from a cold?,post-recovery
How to clean up after being sick with a cold?,post-recovery
Lingering cough after cold is gone,post-recovery
When is it safe to return to work after a cold?,post-recovery
Post-cold care instructions,post-recovery
What is conjunctivitis?,definition
Define pink eye,definition
What does bloodshot eye mean?,definition
Eye inflammation definition,definition
What causes pink eye?,cause
How do you get conjunctivitis?,cause
Is pink eye viral or bacterial?,cause
Can allergies cause red eyes?,cause
What are pink eye symptoms?,symptoms
Signs of conjunctivitis,symptoms
Why is my eye goopy?,symptoms
Itchy red eyes,symptoms
How to prevent pink eye?,prevention
Is pink eye contagious?,prevention
How to stop spreading conjunctivitis?,prevention
Eye hygiene tips,prevention
What to eat for pink eye?,food
Diet for eye health,food
Can food help conjunctivitis?,food
Best vitamins for eyes,food
Medicine for pink eye,medicine
Eye drops for conjunctivitis,medicine
How to treat pink eye at home?,medicine
Do I need antibiotics for red eye?,medicine
What to do after pink eye?,post-recovery
How to clean eyes after infection?,post-recovery
Should I throw away my makeup after pink eye?,post-recovery
When can I wear contacts again?,post-recovery
What food to take?,food
What to drink?,food
Can I drink cold drinks?,food
What food to avoid?,food
How to avoid dengue,prevention
What are its preventions,prevention
How to avoid it?,prevention
How to stop mosquitoes?,prevention
what causes dengue?,cause
Is is caused by mosquito,cause
Does every mosquito causes dengue?,cause
How is it spread?,cause
What medicine I can use?,medicine
what medicine will help reduce the symptoms?,medicine
Can I take aspirin?,medicine
Painkillers for dengue,medicine
What are the symptoms?,symptoms
How do I know I have dengue?,symptoms
Signs of dengue,symptoms
When to see a doctor?,symptoms
What to do after recovery?,post-recovery
Feeling weak after dengue,post-recovery
Post-dengue care,post-recovery
How long is recovery?,post-recovery
What is dengue?,definition
Define dengue fever,definition
What does dengue mean?,definition
Tell me about dengue virus,definition
What is solar dermatitis?,definition
Define sun exposure dermatitis,definition
What is a sun allergy?,definition
Am I allergic to the sun?,definition
What causes sun dermatitis?,cause
Why do I get a rash from the sun?,cause
Causes of photosensitivity,cause
Can medication cause sun rash?,cause
What are sun dermatitis symptoms?,symptoms
Signs of sun allergy,symptoms
Itchy bumps after being in the sun,symptoms
Sun rash vs sunburn,symptoms
How to prevent sun dermatitis?,prevention
Avoiding sun allergy,prevention
How to protect skin from sun rash?,prevention
Best sunscreen for photosensitivity,prevention
What to eat for sun dermatitis?,food
Best diet for sun allergy,food
Can food help prevent sun rash?,food
Antioxidants for skin protection,food
Medicine for sun dermatitis,medicine
Cream for sun allergy rash,medicine
How to treat sun bumps?,medicine
Hydrocortisone for sun rash,medicine
What to do after a sun rash clears?,post-recovery
How to care for skin after sun dermatitis?,post-recovery
Will a sun allergy rash leave scars?,post-recovery
How to reintroduce sun exposure after a rash?,post-recovery
Post-solar dermatitis care,post-recovery
What is drug poisoning?,definition
Define medication overdose,definition
What does toxicity mean?,definition
I took too many pills,definition
What causes drug poisoning?,cause
How does an overdose happen?,cause
Accidental poisoning causes,cause
Mixing medications danger,cause
What are symptoms of drug poisoning?,symptoms
Signs of an overdose,symptoms
How to tell if someone is poisoned by medicine?,symptoms
Pupils look weird after pills,symptoms
How to prevent drug poisoning?,prevention
Safe medication storage,prevention
Avoiding an overdose,prevention
Childproofing medicine,prevention
What to eat after drug poisoning?,food
Diet for liver recovery,food
Can food help an overdose?,food
Foods to avoid during toxicity,food
Medicine for drug poisoning,medicine
How to treat an overdose?,medicine
Antidote for medication poisoning,medicine
Should I induce vomiting for pills?,medicine
Recovery after overdose,post-recovery
What happens after drug poisoning?,post-recovery
Long term effects of drug toxicity,post-recovery
How to clean the system after poisoning,post-recovery
What is a drug reaction?,definition
Define adverse drug reaction,definition
Difference between side effect and allergy,definition
What is a medication allergy?,definition
What causes drug reactions?,cause
Why am I reacting to my medicine?,cause
Drug interaction causes,cause
Can a new medicine cause a rash?,cause
What are symptoms of a drug reaction?,symptoms
Signs of medication allergy,symptoms
Red spots after taking medicine,symptoms
Hives from antibiotics,symptoms
How to prevent drug reactions?,prevention
Avoiding medication allergies,prevention
Safety tips for new prescriptions,prevention
Checking for drug interactions,prevention
Food and drug interactions,food
What not to eat with medicine?,food
Can food cause a drug reaction?,food
Grapefruit and medicine,food
Medicine for drug reaction,medicine
How to treat a medicine allergy?,medicine
Antihistamines for drug rash,medicine
Stopping a reaction fast,medicine
What to do after a drug reaction?,post-recovery
Recovering from medication allergy,post-recovery
Testing for drug allergies,post-recovery
Will the rash go away?,post-recovery
What is ear wax impaction?,definition
Define impacted earwax,definition
What is cerumen?,definition
Blocked ear from wax,definition
What causes ear wax buildup?,cause
Why is my ear blocked with wax?,cause
Do Q-tips cause earwax buildup?,cause
Causes of hard ear wax,cause
What are symptoms of ear wax impaction?,symptoms
Signs of blocked ear,symptoms
Ringing in ear from wax,symptoms
Does earwax cause dizziness?,symptoms
How to prevent ear wax buildup?,prevention
How to keep ears clean safely?,prevention
Avoiding earwax impaction,prevention
Ear hygiene tips,prevention
Does food affect earwax?,food
Diet for ear health,food
Can dairy cause earwax?,food
Foods for healthy ears,food
Medicine for ear wax,medicine
Ear drops for wax removal,medicine
How to soften ear wax?,medicine
Can I use peroxide in my ear?,medicine
What to do after ear wax removal?,post-recovery
Care after ear wax is cleared,post-recovery
Ear hurts after wax removal,post-recovery
How to care for ear canal after syringing?,post-recovery
Post-earwax removal instructions,post-recovery
What is the flu?,definition
Define influenza,definition
Is it a cold or the flu?,definition
What does flu mean?,definition
What causes the flu?,cause
How do you get influenza?,cause
Is flu viral or bacterial?,cause
How is flu transmitted?,cause
What are flu symptoms?,symptoms
Signs of influenza,symptoms
How do I know I have the flu?,symptoms
Flu vs Cold symptoms,symptoms
How to prevent the flu?,prevention
Flu shot information,prevention
How to not catch the flu?,prevention
Avoiding influenza,prevention
What to eat during the flu?,food
Best food for influenza recovery,food
What should I drink for flu?,food
Flu diet,food
What medicine for flu?,medicine
Antivirals for influenza,medicine
Can I take Tamiflu?,medicine
Medicine for flu fever,medicine
What to do after recovering from the flu?,post-recovery
Why am I so tired after the flu?,post-recovery
Post-flu weakness and care,post-recovery
When can I exercise after the flu?,post-recovery
How to recover fully from influenza?,post-recovery
What is a food allergy?,definition
Define food allergy,definition
Difference between food allergy and intolerance,definition
How does a food allergy work?,definition
What causes food allergies?,cause
Why am I allergic to nuts?,cause
Common food allergens,cause
How do food allergies start?,cause
What are signs of a food allergy?,symptoms
Symptoms of allergic reaction to food,symptoms
How do I know if I'm having an anaphylactic shock?,symptoms
Itchy throat after eating,symptoms
How to prevent food allergy reactions?,prevention
Avoiding allergic reactions,prevention
Safety tips for food allergies,prevention
How to read food labels?,prevention
Safe foods to eat,food
What can I eat instead of dairy?,food
Alternative foods for allergy sufferers,food
Anti-inflammatory foods for allergies,food
Medicine for food allergy,medicine
How to treat an allergic reaction?,medicine
Do I need an EpiPen?,medicine
Antihistamines for food allergy,medicine
What to do after an allergic reaction?,post-recovery
Recovery after anaphylaxis,post-recovery
How long does a food allergy reaction last?,post-recovery
Feeling tired after allergy,post-recovery
What is frostbite?,definition
Define frostbite,definition
What does freezing of skin mean?,definition
Difference between frostnip and frostbite,definition
What causes frostbite?,cause
How do you get frostbitten?,cause
Freezing temperatures and skin,cause
Can wet clothes cause frostbite?,cause
What are frostbite symptoms?,symptoms
Signs of frozen skin,symptoms
How do I know if I have frostbite?,symptoms
Black skin from cold,symptoms
How to prevent frostbite?,prevention
Cold weather safety tips,prevention
Avoiding frostbite in winter,prevention
How to dress for extreme cold?,prevention
What to eat for frostbite recovery?,food
Best drinks for cold injury,food
Does food help frostbite?,food
Hydration in extreme cold,food
Medicine for frostbite,medicine
How to treat frostbite at home?,medicine
Should I rub my frozen hands?,medicine
First aid for frostbite,medicine
What happens after frostbite heals?,post-recovery
Long term effects of frostbite,post-recovery
Caring for skin after frostbite,post-recovery
Why is my skin still sensitive after frostbite?,post-recovery
Post-frostbite care instructions,post-recovery
What is heat exhaustion?,definition
Define heat exhaustion,definition
Am I overheated?,definition
Difference between heat exhaustion and stroke,definition
What causes heat exhaustion?,cause
How do you get heat exhaustion?,cause
Why am I so tired in the heat?,cause
Dehydration and heat,cause
What are symptoms of heat exhaustion?,symptoms
Signs of being overheated,symptoms
Why am I dizzy in the sun?,symptoms
Heavy sweating and nausea,symptoms
How to prevent heat exhaustion?,prevention
Avoiding overheating,prevention
Safe summer habits,prevention
Heat safety tips,prevention
What to eat for heat exhaustion?,food
Best drinks for overheating,food
Hydration for heat recovery,food
Salt and heat exhaustion,food
Medicine for heat exhaustion,medicine
Treatment for heat exhaustion,medicine
How to cool down fast?,medicine
Can I take ibuprofen for heat?,medicine
What to do after recovering from heat exhaustion?,post-recovery
How long to rest after getting overheated?,post-recovery
Am I more sensitive to heat after heat exhaustion?,post-recovery
Post-heat exhaustion care instructions,post-recovery
When can I go back in the sun after heat exhaustion?,post-recovery
What is heat stroke?,definition
Define heatstroke,definition
Difference between heat exhaustion and heat stroke,definition
Is heat stroke dangerous?,definition
What causes heat stroke?,cause
How do you get heatstroke?,cause
Causes of high body temperature,cause
Environmental heat stroke,cause
What are the symptoms of heat stroke?,symptoms
Signs of sunstroke,symptoms
How do I know if I have heat stroke?,symptoms
Heat stroke warning signs,symptoms
How to prevent heat stroke?,prevention
Staying safe in a heatwave,prevention
How to avoid heatstroke?,prevention
Precautions for hot weather,prevention
What to eat for heat stroke?,food
Best drinks for heat recovery,food
Hydration for heatstroke,food
Foods to avoid in heat,food
Medicine for heat stroke,medicine
Can I take aspirin for heatstroke?,medicine
First aid for heat stroke,medicine
Medication for high body heat,medicine
What to do after recovering from heat stroke?,post-recovery
How long does it take to fully recover from heatstroke?,post-recovery
Are there long term effects of heat stroke?,post-recovery
Post-heat stroke care instructions,post-recovery
What is the follow-up care for heat stroke?,post-recovery
What is high blood pressure?,definition
Define hypertension,definition
What do blood pressure numbers mean?,definition
Is 140/90 high?,definition
What causes high blood pressure?,cause
Why is my blood pressure high?,cause
Risk factors for hypertension,cause
Is high blood pressure genetic?,cause
What are high blood pressure symptoms?,symptoms
Signs of hypertension,symptoms
How do I know if my BP is high?,symptoms
Headache and high blood pressure,symptoms
How to prevent high blood pressure?,prevention
Avoiding hypertension,prevention
How to lower blood pressure naturally?,prevention
Lifestyle changes for BP,prevention
What to eat for high blood pressure?,food
DASH diet for hypertension,food
Foods that lower blood pressure,food
Is salt bad for blood pressure?,food
Medicine for high blood pressure,medicine
How to treat hypertension?,medicine
What are ACE inhibitors?,medicine
Best blood pressure pills,medicine
What to do once blood pressure becomes normal?,post-recovery
How to maintain normal blood pressure after hypertension?,post-recovery
Can I stop my lifestyle changes after my BP drops?,post-recovery
Managing blood pressure after a hypertensive crisis,post-recovery
Post-hypertension management tips,post-recovery
What is malaria?,definition
Define malaria,definition
What does a malaria infection mean?,definition
Is malaria a virus?,definition
What causes malaria?,cause
How do you get malaria?,cause
Which mosquito causes malaria?,cause
Is malaria contagious between people?,cause
What are malaria symptoms?,symptoms
Signs of malaria,symptoms
Malaria fever patterns,symptoms
Chills and high fever,symptoms
How to prevent malaria?,prevention
Malaria prevention tips,prevention
Avoiding mosquito bites for malaria,prevention
Malaria prophylaxis,prevention
What to eat during malaria?,food
Best diet for malaria recovery,food
Foods for malaria patients,food
What to drink for malaria?,food
Medicine for malaria,medicine
How to treat malaria?,medicine
What are antimalarial drugs?,medicine
Chloroquine and Artemisinin,medicine
What to do after malaria?,post-recovery
Can malaria come back?,post-recovery
Recovery from malaria infection,post-recovery
Post-malaria weakness,post-recovery
What is a migraine?,definition
Define migraine,definition
Is it just a headache or a migraine?,definition
What does migraine mean?,definition
What causes migraines?,cause
Why do I get migraines?,cause
Is migraine genetic?,cause
What happens in the brain during a migraine?,cause
What are migraine symptoms?,symptoms
Signs of a migraine,symptoms
What is a migraine aura?,symptoms
Feeling sick with a headache,symptoms
How to prevent migraines?,prevention
How to stop getting migraines?,prevention
Migraine trigger management,prevention
Can I avoid migraine attacks?,prevention
What foods cause migraines?,food
Diet for migraine sufferers,food
Can chocolate cause migraines?,food
Foods to eat to stop a migraine,food
What medicine for migraine?,medicine
Best painkiller for migraine,medicine
How to stop a migraine fast?,medicine
Triptans for migraine,medicine
What happens after a migraine ends?,post-recovery
Migraine hangover symptoms,post-recovery
Feeling tired after a migraine,post-recovery
Postdrome phase of migraine,post-recovery
How to care for yourself after a migraine attack?,post-recovery
What is a muscle spasm?,definition
Define muscle cramp,definition
What causes involuntary muscle movement?,definition
What is a charley horse?,definition
What causes muscle spasms?,cause
Why do my muscles twitch?,cause
Causes of leg cramps at night,cause
Overuse of muscles,cause
What are muscle spasm symptoms?,symptoms
Signs of a muscle cramp,symptoms
Hard lump in muscle,symptoms
Twitching under the skin,symptoms
How to prevent muscle spasms?,prevention
Avoiding leg cramps,prevention
How to stop muscles from twitching?,prevention
Stretching for cramps,prevention
What to eat for muscle spasms?,food
Best foods for cramps,food
Does potassium help muscle spasms?,food
Magnesium for muscles,food
Medicine for muscle spasms,medicine
Best muscle relaxants,medicine
How to treat a muscle cramp fast?,medicine
Pain relief for spasms,medicine
What to do after a muscle cramp stops?,post-recovery
Sore muscle after spasm,post-recovery
How to treat muscle soreness after a charley horse?,post-recovery
Care after severe muscle spasm,post-recovery
Post-cramp recovery tips,post-recovery
What is hay fever?,definition
Define seasonal allergies,definition
What is allergic rhinitis?,definition
Why do I get allergies in spring?,definition
What causes seasonal allergies?,cause
Why am I allergic to pollen?,cause
Common allergy triggers,cause
When is pollen season?,cause
What are hay fever symptoms?,symptoms
Signs of seasonal allergies,symptoms
Itchy eyes and sneezing,symptoms
How to tell allergies from a cold?,symptoms
How to prevent seasonal allergies?,prevention
Reducing pollen exposure,prevention
How to stop sneezing in spring?,prevention
Allergy safety tips,prevention
What to eat for allergies?,food
Can honey cure hay fever?,food
Anti-inflammatory foods for allergies,food
Foods that make allergies worse,food
Medicine for seasonal allergies,medicine
Best antihistamine for hay fever,medicine
Nasal sprays for allergies,medicine
How to stop allergy symptoms fast?,medicine
What to do after allergy season ends?,post-recovery
How to care for body after hay fever flare up?,post-recovery
Do I stop allergy meds when pollen is gone?,post-recovery
Post-allergy fatigue and recovery,post-recovery
Managing health after a seasonal allergy attack,post-recovery
What is tonsillitis?,definition
Define tonsillitis,definition
What are tonsils?,definition
Inflamed tonsils meaning,definition
What causes tonsillitis?,cause
Is tonsillitis viral or bacterial?,cause
How do you catch tonsillitis?,cause
Can you get tonsillitis from a cold?,cause
What are tonsillitis symptoms?,symptoms
White spots on throat,symptoms
Swollen tonsils signs,symptoms
Does tonsillitis cause ear pain?,symptoms
How to prevent tonsillitis?,prevention
Is tonsillitis contagious?,prevention
How to avoid throat infections?,prevention
Stopping the spread of tonsillitis,prevention
What to eat with tonsillitis?,food
Foods for sore throat,food
Can I eat ice cream with tonsillitis?,food
What to drink for throat swelling?,food
Medicine for tonsillitis,medicine
How to treat swollen tonsils?,medicine
Do I need antibiotics for tonsillitis?,medicine
Pain relief for sore throat,medicine
What to do after tonsillitis?,post-recovery
Recovery from tonsillectomy,post-recovery
When can I go back to work after tonsillitis?,post-recovery
Post-infection throat care,post-recovery
What is typhoid fever?,definition
Define typhoid,definition
What does enteric fever mean?,definition
Is typhoid a virus or bacteria?,definition
What causes typhoid?,cause
How do you get typhoid fever?,cause
Is typhoid contagious?,cause
Contaminated food and water typhoid,cause
What are typhoid symptoms?,symptoms
Signs of typhoid fever,symptoms
Step-ladder fever pattern,symptoms
Rose spots on chest,symptoms
How to prevent typhoid?,prevention
Typhoid vaccine information,prevention
Safe eating habits for typhoid,prevention
Avoiding enteric fever,prevention
What to eat during typhoid?,food
Best diet for typhoid recovery,food
Foods to avoid with typhoid,food
Can I eat fruit during typhoid?,food
Medicine for typhoid,medicine
How to treat typhoid fever?,medicine
What antibiotics for typhoid?,medicine
Can typhoid be cured at home?,medicine
What to do after typhoid recovery?,post-recovery
Can typhoid come back?,post-recovery
Being a typhoid carrier,post-recovery
Follow up tests for typhoid,post-recovery
What is a UTI?,definition
Define urinary tract infection,definition
What does UTI mean?,definition
Bladder infection vs UTI,definition
What causes a UTI?,cause
How do you get a urinary infection?,cause
Is UTI sexually transmitted?,cause
Bacteria in urine causes,cause
What are UTI symptoms?,symptoms
Does it burn when I pee?,symptoms
Signs of bladder infection,symptoms
Cloudy or bloody urine,symptoms
How to prevent UTI?,prevention
How to stop getting frequent UTIs?,prevention
UTI hygiene tips,prevention
Avoiding urinary infections,prevention
What to eat for UTI?,food
Does cranberry juice help UTI?,food
What to drink for urinary infection?,food
Foods to avoid with UTI,food
Medicine for UTI,medicine
Antibiotics for urinary infection,medicine
Over the counter UTI relief,medicine
How to stop UTI pain fast?,medicine
What to do after UTI is gone?,post-recovery
Finishing antibiotics for UTI,post-recovery
How to tell if UTI is cured?,post-recovery
Recovery after kidney infection,post-recovery
What is a yeast infection?,definition
Define candidiasis,definition
What is vaginal thrush?,definition
Is yeast infection an STI?,definition
What causes a yeast infection?,cause
Why do I keep getting yeast infections?,cause
Antibiotics and yeast infection,cause
Can sugar cause yeast infection?,cause
What are yeast infection symptoms?,symptoms
Signs of a yeast infection,symptoms
Itching and white discharge,symptoms
Does a yeast infection smell?,symptoms
How to prevent yeast infections?,prevention
Avoiding thrush,prevention
Yeast infection hygiene tips,prevention
Best underwear for yeast infection,prevention
What to eat for yeast infection?,food
Does yogurt help yeast infections?,food
Foods to avoid with candidiasis,food
Probiotics for yeast,food
Medicine for yeast infection,medicine
Best cream for yeast infection,medicine
How to treat a yeast infection at home?,medicine
Can I use Monistat?,medicine
What to do after a yeast infection?,post-recovery
How to tell if a yeast infection is gone?,post-recovery
Recovery after candidiasis,post-recovery
Recurrent yeast infection help,post-recovery
